date,region,category,revenue,units,cost,is_outlier,profit,profit_margin,month
2024-07-01,South,Food,12126.79,406,6266.24,False,5860.55,48.33,2024-07
2024-04-01,South,Food,18623.55,498,8550.47,False,10073.08,54.09,2024-04
2024-11-01,South,Food,12310.13,288,6659.77,False,5650.36,45.9,2024-11
2024-08-01,West,Electronics,12379.56,348,5396.04,False,6983.52,56.41,2024-08
2024-05-01,North,Food,16781.6,374,10082.93,False,6698.67,39.92,2024-05
2024-07-01,West,Food,15254.5,340,10518.31,False,4736.19,31.05,2024-07
2024-10-01,West,Office,24106.61,138,7846.98,False,16259.63,67.45,2024-10
2024-03-01,South,Food,8482.79,353,3817.92,False,4664.87,54.99,2024-03
2024-07-01,South,Food,15439.41,319,7907.51,False,7531.9,48.78,2024-07
2024-11-01,West,Clothing,19518.6,464,9783.61,False,9734.99,49.88,2024-11
2024-11-01,North,Office,12686.74,98,6042.18,False,6644.56,52.37,2024-11
2024-08-01,East,Office,11357.77,222,9366.72,False,1991.05,17.53,2024-08
2024-05-01,West,Office,11516.54,152,8969.38,False,2547.16,22.12,2024-05
2024-04-01,North,Office,8552.16,74,9048.44,False,-496.28,-5.8,2024-04
2024-08-01,South,Office,15254.5,85,9239.16,False,6015.34,39.43,2024-08
2024-08-01,South,Office,13681.53,208,7053.86,False,6627.67,48.44,2024-08
2024-03-01,North,Electronics,13207.89,152,11393.14,False,1814.75,13.74,2024-03
2024-06-01,East,Food,6503.61,414,8682.94,False,-2179.33,-33.51,2024-06
2024-05-01,South,Office,9265.17,412,8945.39,False,319.78,3.45,2024-05
2024-02-01,South,Food,20861.56,325,7133.46,False,13728.1,65.81,2024-02
2024-12-01,North,Electronics,19666.0,482,7230.39,False,12435.61,63.23,2024-12
2024-06-01,West,Office,19159.97,426,8654.11,False,10505.86,54.83,2024-06
2024-02-01,South,Clothing,10997.52,314,9048.44,False,1949.08,17.72,2024-02
2024-12-01,West,Electronics,24719.39,233,6256.2,False,18463.19,74.69,2024-12
2024-05-01,East,Clothing,22798.93,300,5772.88,False,17026.05,74.68,2024-05
2024-01-01,South,Food,12744.93,437,11942.34,False,802.59,6.3,2024-01
2024-12-01,South,Food,727.18,111,8581.35,True,-7854.17,-1080.09,2024-12
2024-10-01,East,Electronics,13573.87,483,7661.85,False,5912.02,43.55,2024-10
2024-06-01,South,Electronics,15953.19,276,11079.81,False,4873.38,30.55,2024-06
2024-12-01,West,Clothing,12729.12,364,7788.77,False,4940.35,38.81,2024-12
2024-09-01,North,Office,14113.91,465,12652.02,False,1461.89,10.36,2024-09
2024-01-01,West,Clothing,11685.37,119,10355.85,False,1329.52,11.38,2024-01
2024-11-01,North,Electronics,18686.54,471,8024.18,False,10662.36,57.06,2024-11
2024-11-01,North,Clothing,15254.53,339,13314.62,False,1939.91,12.72,2024-11
2024-10-01,West,Electronics,18806.06,459,7788.57,False,11017.49,58.58,2024-10
2024-12-01,West,Electronics,6302.71,274,9598.59,False,-3295.88,-52.29,2024-12
2024-03-01,West,Electronics,11917.91,12,11603.48,False,314.43,2.64,2024-03
2024-12-01,East,Electronics,15254.5,94,12123.02,False,3131.48,20.53,2024-12
2024-07-01,South,Office,25285.49,291,9064.01,False,16221.48,64.15,2024-07
2024-04-01,North,Clothing,15596.02,337,7493.16,False,8102.86,51.95,2024-04
2024-09-01,West,Clothing,18250.24,313,9919.94,False,8330.3,45.64,2024-09
2024-03-01,West,Clothing,7477.23,459,7644.57,False,-167.34,-2.24,2024-03
2024-05-01,West,Electronics,15572.86,463,13026.77,False,2546.09,16.35,2024-05
2024-03-01,East,Clothing,18913.17,421,9273.07,False,9640.1,50.97,2024-03
2024-07-01,West,Clothing,18447.86,126,8269.36,False,10178.5,55.17,2024-07
2024-05-01,West,Electronics,17493.6,230,9369.36,False,8124.24,46.44,2024-05
2024-09-01,West,Food,15052.0,163,6305.75,False,8746.25,58.11,2024-09
2024-07-01,South,Electronics,15246.27,162,7056.77,False,8189.5,53.71,2024-07
2024-02-01,East,Clothing,8226.94,21,11400.83,False,-3173.89,-38.58,2024-02
2024-04-01,West,Electronics,11397.87,142,7686.21,False,3711.66,32.56,2024-04
2024-09-01,North,Food,15923.78,491,6906.18,False,9017.6,56.63,2024-09
2024-12-01,North,Electronics,12136.1,313,10073.31,False,2062.79,17.0,2024-12
2024-02-01,North,Clothing,17755.35,302,11371.41,False,6383.94,35.96,2024-02
2024-10-01,East,Food,16867.13,472,10437.91,False,6429.22,38.12,2024-10
2024-09-01,East,Office,20469.48,309,10992.1,False,9477.38,46.3,2024-09
2024-10-01,North,Clothing,18833.02,237,7486.41,False,11346.61,60.25,2024-10
2024-05-01,West,Food,15909.05,280,6156.38,False,9752.67,61.3,2024-05
2024-02-01,East,Food,17991.92,52,12002.67,False,5989.25,33.29,2024-02
2024-04-01,North,Office,19020.41,441,8354.64,False,10665.77,56.08,2024-04
2024-12-01,North,Electronics,12970.25,352,8498.33,False,4471.92,34.48,2024-12
2024-12-01,West,Electronics,13682.68,335,11656.39,False,2026.29,14.81,2024-12
2024-07-01,South,Clothing,14612.7,311,10112.46,False,4500.24,30.8,2024-07
2024-12-01,East,Office,13097.88,373,9911.78,False,3186.1,24.33,2024-12
2024-08-01,West,Electronics,19062.75,388,13330.0,False,5732.75,30.07,2024-08
2024-03-01,North,Office,12490.76,436,7712.96,False,4777.8,38.25,2024-03
2024-01-01,North,Electronics,20006.61,30,10855.68,False,9150.93,45.74,2024-01
2024-04-01,West,Food,13532.11,416,9114.03,False,4418.08,32.65,2024-04
2024-02-01,East,Electronics,16889.59,116,9537.18,False,7352.41,43.53,2024-02
2024-08-01,South,Office,15665.66,345,12056.94,False,3608.72,23.04,2024-08
2024-04-01,South,Food,11096.08,312,10015.67,False,1080.41,9.74,2024-04
2024-02-01,North,Food,14920.44,126,10076.59,False,4843.85,32.46,2024-02
2024-06-01,East,Food,16334.57,133,11145.01,False,5189.56,31.77,2024-06
2024-06-01,South,Office,14742.83,408,8270.09,False,6472.74,43.9,2024-06
2024-10-01,East,Clothing,9629.17,290,7321.58,False,2307.59,23.96,2024-10
2024-06-01,North,Clothing,15350.8,212,5067.29,False,10283.51,66.99,2024-06
2024-02-01,South,Office,11822.79,60,13112.41,False,-1289.62,-10.91,2024-02
2024-10-01,West,Food,15254.5,280,6793.58,False,8460.92,55.47,2024-10
2024-12-01,North,Clothing,17469.56,333,8557.49,False,8912.07,51.01,2024-12
2024-02-01,South,Office,10199.32,286,8446.37,False,1752.95,17.19,2024-02
2024-10-01,South,Clothing,10822.02,150,9614.81,False,1207.21,11.16,2024-10
2024-04-01,South,Electronics,14110.42,479,10631.47,False,3478.95,24.66,2024-04
2024-08-01,South,Clothing,16189.23,284,10720.95,False,5468.28,33.78,2024-08
2024-07-01,South,Clothing,17491.2,299,7833.85,False,9657.35,55.21,2024-07
2024-12-01,East,Food,18800.71,343,8665.76,False,10134.95,53.91,2024-12
2024-09-01,North,Office,17158.29,390,9565.16,False,7593.13,44.25,2024-09
2024-08-01,East,Food,20386.98,461,8502.62,False,11884.36,58.29,2024-08
2024-05-01,West,Food,15254.5,382,12214.69,False,3039.81,19.93,2024-05
2024-02-01,South,Food,11961.44,61,9981.95,False,1979.49,16.55,2024-02
2024-05-01,North,Food,14986.6,36,10469.76,False,4516.84,30.14,2024-05
2024-08-01,South,Food,14724.08,166,10325.76,False,4398.32,29.87,2024-08
2024-10-01,North,Clothing,4687.14,248,11346.95,True,-6659.81,-142.09,2024-10
2024-09-01,East,Food,15254.5,165,9362.04,False,5892.46,38.63,2024-09
2024-12-01,North,Food,16256.81,300,6406.34,False,9850.47,60.59,2024-12
2024-12-01,West,Office,13303.14,145,9799.38,False,3503.76,26.34,2024-12
2024-12-01,West,Electronics,12415.16,153,7697.29,False,4717.87,38.0,2024-12
2024-09-01,North,Clothing,18645.5,115,7942.77,False,10702.73,57.4,2024-09
2024-01-01,North,Clothing,11333.82,429,10172.73,False,1161.09,10.24,2024-01
2024-09-01,North,Clothing,17846.49,167,11476.57,False,6369.92,35.69,2024-09
2024-07-01,North,Food,9669.02,155,9042.54,False,626.48,6.48,2024-07
2024-09-01,West,Food,15254.5,11,9617.67,False,5636.83,36.95,2024-09
2024-08-01,South,Food,14137.26,442,12404.43,False,1732.83,12.26,2024-08
2024-01-01,North,Office,13706.94,86,9481.51,False,4225.43,30.83,2024-01
2024-12-01,North,Electronics,19572.26,141,14203.37,False,5368.89,27.43,2024-12
2024-08-01,West,Food,13325.18,99,10131.02,False,3194.16,23.97,2024-08
2024-08-01,West,Electronics,20819.71,354,5478.47,False,15341.24,73.69,2024-08
2024-11-01,East,Office,16486.38,359,10506.68,False,5979.7,36.27,2024-11
2024-03-01,North,Clothing,14526.41,468,9762.32,False,4764.09,32.8,2024-03
2024-01-01,East,Food,14099.98,272,11579.51,False,2520.47,17.88,2024-01
2024-08-01,West,Electronics,19830.37,360,10346.36,False,9484.01,47.83,2024-08
2024-03-01,West,Electronics,15921.95,117,8723.09,False,7198.86,45.21,2024-03
2024-03-01,South,Food,16729.23,83,6551.4,False,10177.83,60.84,2024-03
2024-01-01,North,Clothing,17164.01,48,8581.95,False,8582.06,50.0,2024-01
2024-11-01,East,Clothing,15531.74,406,7298.96,False,8232.78,53.01,2024-11
2024-05-01,West,Clothing,17079.49,168,7838.95,False,9240.54,54.1,2024-05
2024-10-01,West,Office,14526.71,80,10177.16,False,4349.55,29.94,2024-10
2024-07-01,East,Electronics,14800.77,456,12339.81,False,2460.96,16.63,2024-07
2024-10-01,South,Electronics,10523.54,321,9789.34,False,734.2,6.98,2024-10
2024-09-01,West,Electronics,16191.04,250,6608.23,False,9582.81,59.19,2024-09
2024-12-01,North,Office,8121.84,435,9889.21,False,-1767.37,-21.76,2024-12
2024-07-01,West,Electronics,16134.23,454,11393.26,False,4740.97,29.38,2024-07
2024-09-01,North,Office,13877.54,307,7780.43,False,6097.11,43.94,2024-09
2024-08-01,East,Clothing,16498.34,449,9048.44,False,7449.9,45.16,2024-08
2024-12-01,North,Food,10804.69,45,9029.38,False,1775.31,16.43,2024-12
2024-02-01,East,Electronics,6522.57,93,7430.2,False,-907.63,-13.92,2024-02
2024-01-01,North,Electronics,13596.54,461,10296.56,False,3299.98,24.27,2024-01
2024-07-01,East,Clothing,10816.35,383,8758.1,False,2058.25,19.03,2024-07
2024-08-01,South,Office,18071.93,319,7225.02,False,10846.91,60.02,2024-08
2024-05-01,North,Food,21404.95,394,8125.08,False,13279.87,62.04,2024-05
2024-03-01,North,Clothing,11812.19,181,10444.76,False,1367.43,11.58,2024-03
2024-12-01,South,Clothing,14696.92,385,8254.33,False,6442.59,43.84,2024-12
2024-08-01,West,Food,13768.86,182,12453.93,False,1314.93,9.55,2024-08
2024-11-01,North,Office,17654.95,56,9449.37,False,8205.58,46.48,2024-11
2024-03-01,South,Electronics,19040.57,388,10865.18,False,8175.39,42.94,2024-03
2024-01-01,North,Office,11525.57,150,6163.27,False,5362.3,46.53,2024-01
2024-05-01,East,Clothing,20138.13,415,5948.69,False,14189.44,70.46,2024-05
2024-01-01,West,Electronics,15254.5,286,7896.28,False,7358.22,48.24,2024-01
2024-05-01,West,Clothing,20471.94,223,14116.4,False,6355.54,31.05,2024-05
2024-10-01,North,Office,20419.38,229,7871.5,False,12547.88,61.45,2024-10
2024-07-01,North,Clothing,19114.57,402,9369.1,False,9745.47,50.98,2024-07
2024-07-01,East,Office,15579.75,35,12084.22,False,3495.53,22.44,2024-07
2024-09-01,North,Food,15413.91,280,13123.01,False,2290.9,14.86,2024-09
2024-10-01,East,Office,12862.37,19,11416.73,False,1445.64,11.24,2024-10
2024-10-01,West,Food,7190.05,481,11048.13,False,-3858.08,-53.66,2024-10
2024-12-01,South,Electronics,13882.0,387,10185.05,False,3696.95,26.63,2024-12
2024-03-01,East,Clothing,15254.5,130,10556.72,False,4697.78,30.8,2024-03
2024-07-01,West,Electronics,12650.92,134,7897.63,False,4753.29,37.57,2024-07
2024-01-01,West,Electronics,14228.88,179,7363.6,False,6865.28,48.25,2024-01
2024-04-01,East,Electronics,14383.85,81,8993.25,False,5390.6,37.48,2024-04
2024-04-01,South,Electronics,20427.43,161,8659.63,False,11767.8,57.61,2024-04
2024-05-01,East,Clothing,13562.25,217,8093.54,False,5468.71,40.32,2024-05
2024-07-01,West,Electronics,20426.53,58,10392.77,False,10033.76,49.12,2024-07
2024-07-01,North,Clothing,4150.04,163,10910.61,True,-6760.57,-162.9,2024-07
2024-11-01,North,Clothing,20391.42,356,9176.81,False,11214.61,55.0,2024-11
2024-04-01,East,Food,20189.62,302,11955.06,False,8234.56,40.79,2024-04
2024-07-01,West,Office,18609.02,77,6716.62,False,11892.4,63.91,2024-07
2024-11-01,North,Office,6952.33,59,8612.68,False,-1660.35,-23.88,2024-11
2024-03-01,West,Clothing,19075.55,161,7566.36,False,11509.19,60.33,2024-03
2024-06-01,East,Food,14799.52,28,5266.93,False,9532.59,64.41,2024-06
2024-12-01,North,Clothing,4882.65,109,8834.64,True,-3951.99,-80.94,2024-12
2024-02-01,West,Clothing,20192.71,69,8756.5,False,11436.21,56.64,2024-02
2024-10-01,North,Clothing,20776.69,176,12026.9,False,8749.79,42.11,2024-10
2024-09-01,East,Food,7381.95,211,10261.62,False,-2879.67,-39.01,2024-09
2024-05-01,West,Office,15701.68,354,6951.63,False,8750.05,55.73,2024-05
2024-06-01,North,Food,20554.36,155,12708.19,False,7846.17,38.17,2024-06
2024-12-01,East,Electronics,19920.65,412,11442.07,False,8478.58,42.56,2024-12
2024-12-01,North,Food,18344.24,173,10164.2,False,8180.04,44.59,2024-12
2024-12-01,North,Food,4410.99,467,8547.03,True,-4136.04,-93.77,2024-12
2024-12-01,South,Food,17918.17,490,7081.12,False,10837.05,60.48,2024-12
2024-04-01,South,Food,14127.58,448,8255.59,False,5871.99,41.56,2024-04
2024-11-01,East,Office,18983.43,251,11177.5,False,7805.93,41.12,2024-11
2024-10-01,South,Electronics,16024.65,78,12769.17,False,3255.48,20.32,2024-10
2024-07-01,East,Office,14920.47,184,12086.49,False,2833.98,18.99,2024-07
2024-12-01,South,Office,17563.62,58,8022.3,False,9541.32,54.32,2024-12
2024-09-01,North,Food,15254.5,492,6760.77,False,8493.73,55.68,2024-09
2024-07-01,East,Clothing,14902.89,117,9281.77,False,5621.12,37.72,2024-07
2024-01-01,East,Clothing,12779.1,235,5463.12,False,7315.98,57.25,2024-01
2024-01-01,North,Office,15254.5,170,9646.34,False,5608.16,36.76,2024-01
2024-11-01,East,Food,11775.88,158,8067.93,False,3707.95,31.49,2024-11
2024-09-01,South,Office,14196.83,474,5810.59,False,8386.24,59.07,2024-09
2024-04-01,East,Food,16147.9,159,10027.2,False,6120.7,37.9,2024-04
2024-09-01,West,Clothing,6659.13,441,7934.6,False,-1275.47,-19.15,2024-09
2024-03-01,North,Clothing,7554.6,302,6660.17,False,894.43,11.84,2024-03
2024-07-01,South,Electronics,13801.05,152,3255.48,False,10545.57,76.41,2024-07
2024-06-01,South,Clothing,16818.25,428,8944.97,False,7873.28,46.81,2024-06
2024-08-01,West,Office,17976.15,485,12544.5,False,5431.65,30.22,2024-08
2024-11-01,North,Clothing,8634.74,464,12322.52,False,-3687.78,-42.71,2024-11
2024-09-01,North,Food,17546.53,169,8085.81,False,9460.72,53.92,2024-09
2024-05-01,South,Clothing,14019.72,20,9048.44,False,4971.28,35.46,2024-05
2024-01-01,East,Electronics,11467.37,147,9937.55,False,1529.82,13.34,2024-01
2024-03-01,South,Clothing,12405.79,466,7003.23,False,5402.56,43.55,2024-03
2024-10-01,North,Food,18207.43,87,9603.58,False,8603.85,47.25,2024-10
2024-08-01,South,Office,15201.23,450,11453.87,False,3747.36,24.65,2024-08
2024-11-01,North,Clothing,15973.98,263,8799.69,False,7174.29,44.91,2024-11
2024-06-01,South,Food,18712.39,418,8592.65,False,10119.74,54.08,2024-06
2024-08-01,East,Electronics,14611.6,267,7244.03,False,7367.57,50.42,2024-08
2024-09-01,South,Office,15217.28,329,7346.24,False,7871.04,51.72,2024-09
2024-04-01,South,Electronics,19552.68,300,8547.04,False,11005.64,56.29,2024-04
2024-01-01,North,Clothing,13673.65,272,9734.73,False,3938.92,28.81,2024-01
2024-01-01,North,Clothing,17472.56,94,10827.17,False,6645.39,38.03,2024-01
2024-10-01,North,Clothing,12985.18,155,7393.64,False,5591.54,43.06,2024-10
2024-04-01,South,Office,13336.53,332,11985.38,False,1351.15,10.13,2024-04
2024-12-01,East,Food,14583.8,51,8457.75,False,6126.05,42.01,2024-12
2024-07-01,West,Office,17061.09,383,8957.27,False,8103.82,47.5,2024-07
2024-02-01,West,Electronics,19776.73,134,7505.58,False,12271.15,62.05,2024-02
2024-03-01,North,Office,15386.18,176,4151.52,False,11234.66,73.02,2024-03
2024-01-01,North,Electronics,9000.65,434,9048.44,False,-47.79,-0.53,2024-01
2024-05-01,South,Office,15254.5,250,10473.69,False,4780.81,31.34,2024-05
2024-01-01,West,Food,24815.37,468,8437.34,False,16378.03,66.0,2024-01
2024-08-01,North,Electronics,15434.68,496,9133.98,False,6300.7,40.82,2024-08
2024-01-01,East,Clothing,8164.93,289,10031.88,False,-1866.95,-22.87,2024-01
2024-11-01,East,Clothing,15678.61,197,5874.91,False,9803.7,62.53,2024-11
2024-01-01,North,Office,14987.95,311,7941.89,False,7046.06,47.01,2024-01
2024-02-01,North,Clothing,14651.56,28,10588.53,False,4063.03,27.73,2024-02
2024-02-01,West,Electronics,18781.64,77,6491.42,False,12290.22,65.44,2024-02
2024-12-01,West,Clothing,20513.1,227,9587.12,False,10925.98,53.26,2024-12
2024-06-01,South,Food,17734.34,111,9048.44,False,8685.9,48.98,2024-06
2024-07-01,West,Food,14467.77,51,9932.86,False,4534.91,31.34,2024-07
2024-05-01,East,Office,19502.72,297,8928.72,False,10574.0,54.22,2024-05
2024-01-01,East,Electronics,9024.68,176,5769.74,False,3254.94,36.07,2024-01
2024-01-01,North,Food,12135.78,118,11329.48,False,806.3,6.64,2024-01
2024-03-01,West,Food,12581.49,45,7530.82,False,5050.67,40.14,2024-03
2024-02-01,South,Electronics,14876.2,241,7379.5,False,7496.7,50.39,2024-02
2024-05-01,East,Clothing,15254.5,238,9401.14,False,5853.36,38.37,2024-05
2024-12-01,East,Clothing,14197.15,362,11297.27,False,2899.88,20.43,2024-12
2024-10-01,South,Office,11375.86,173,6968.36,False,4407.5,38.74,2024-10
2024-06-01,South,Clothing,18899.4,396,9123.36,False,9776.04,51.73,2024-06
2024-07-01,East,Electronics,14058.17,82,9857.63,False,4200.54,29.88,2024-07
2024-04-01,East,Food,15408.52,145,10386.21,False,5022.31,32.59,2024-04
2024-07-01,South,Clothing,17204.27,362,9352.88,False,7851.39,45.64,2024-07
2024-11-01,East,Office,15155.51,388,8265.94,False,6889.57,45.46,2024-11
2024-08-01,North,Clothing,15173.09,79,7344.82,False,7828.27,51.59,2024-08
2024-11-01,North,Electronics,19121.89,434,9172.29,False,9949.6,52.03,2024-11
2024-01-01,South,Office,15605.48,496,6855.72,False,8749.76,56.07,2024-01
2024-06-01,West,Clothing,18451.19,205,3157.3,False,15293.89,82.89,2024-06
2024-08-01,South,Office,17178.67,278,9873.12,False,7305.55,42.53,2024-08
2024-05-01,South,Electronics,23067.55,58,10807.87,False,12259.68,53.15,2024-05
2024-04-01,West,Food,16637.65,325,4274.14,False,12363.51,74.31,2024-04
2024-02-01,West,Electronics,17551.89,139,6980.54,False,10571.35,60.23,2024-02
2024-06-01,West,Electronics,19406.63,453,10238.31,False,9168.32,47.24,2024-06
2024-06-01,North,Electronics,15254.47,14,13114.99,False,2139.48,14.03,2024-06
2024-11-01,East,Electronics,15254.5,437,9041.59,False,6212.91,40.73,2024-11
2024-01-01,North,Food,13103.42,36,7543.99,False,5559.43,42.43,2024-01
2024-09-01,East,Food,13141.97,169,8634.21,False,4507.76,34.3,2024-09
2024-12-01,North,Office,11198.68,158,11749.75,False,-551.07,-4.92,2024-12
2024-11-01,East,Clothing,15254.5,273,7708.07,False,7546.43,49.47,2024-11
2024-06-01,North,Food,12481.93,239,7401.62,False,5080.31,40.7,2024-06
2024-03-01,West,Food,15254.5,209,8034.51,False,7219.99,47.33,2024-03
2024-12-01,North,Food,14833.51,76,9245.34,False,5588.17,37.67,2024-12
2024-11-01,East,Electronics,17224.23,309,12249.36,False,4974.87,28.88,2024-11
2024-04-01,West,Electronics,12832.4,390,9646.16,False,3186.24,24.83,2024-04
2024-03-01,North,Clothing,17555.56,67,8495.29,False,9060.27,51.61,2024-03
2024-10-01,North,Office,21269.23,268,8416.38,False,12852.85,60.43,2024-10
2024-03-01,West,Office,16372.44,351,5873.62,False,10498.82,64.12,2024-03
2024-03-01,North,Clothing,11871.62,335,10766.22,False,1105.4,9.31,2024-03
2024-04-01,South,Clothing,12539.93,139,8844.33,False,3695.6,29.47,2024-04
2024-07-01,North,Electronics,14006.95,224,8639.04,False,5367.91,38.32,2024-07
2024-04-01,South,Office,12620.44,181,15386.22,False,-2765.78,-21.92,2024-04
2024-09-01,South,Food,11035.28,267,9597.51,False,1437.77,13.03,2024-09
2024-01-01,West,Electronics,15617.63,111,7496.42,False,8121.21,52.0,2024-01
2024-08-01,North,Clothing,14115.21,218,8147.28,False,5967.93,42.28,2024-08
2024-07-01,West,Office,15758.88,300,11296.89,False,4461.99,28.31,2024-07
2024-02-01,North,Food,19745.55,363,9226.54,False,10519.01,53.27,2024-02
2024-08-01,North,Food,14054.59,480,6123.44,False,7931.15,56.43,2024-08
2024-01-01,East,Electronics,10258.32,295,10838.46,False,-580.14,-5.66,2024-01
2024-11-01,North,Office,13404.43,125,7663.71,False,5740.72,42.83,2024-11
2024-12-01,West,Office,18081.7,273,12746.6,False,5335.1,29.51,2024-12
2024-09-01,South,Clothing,17707.08,159,11160.1,False,6546.98,36.97,2024-09
2024-09-01,North,Office,17074.56,309,9048.44,False,8026.12,47.01,2024-09
2024-02-01,East,Office,12501.17,451,9048.44,False,3452.73,27.62,2024-02
2024-07-01,West,Electronics,18007.61,45,9135.71,False,8871.9,49.27,2024-07
2024-10-01,North,Office,18907.6,462,10705.55,False,8202.05,43.38,2024-10
2024-03-01,West,Food,12218.31,342,9969.47,False,2248.84,18.41,2024-03
2024-07-01,East,Electronics,14833.72,486,7307.29,False,7526.43,50.74,2024-07
2024-12-01,East,Electronics,23081.61,296,7712.9,False,15368.71,66.58,2024-12
2024-10-01,West,Clothing,12040.5,312,9048.44,False,2992.06,24.85,2024-10
2024-09-01,North,Office,8179.65,320,8330.45,False,-150.8,-1.84,2024-09
2024-04-01,South,Clothing,20531.62,217,8192.7,False,12338.92,60.1,2024-04
2024-12-01,East,Food,19546.42,115,7089.75,False,12456.67,63.73,2024-12
2024-01-01,North,Electronics,13172.13,455,9847.2,False,3324.93,25.24,2024-01
2024-02-01,North,Electronics,15254.5,167,13125.05,False,2129.45,13.96,2024-02
2024-12-01,East,Food,15355.81,64,9048.44,False,6307.37,41.07,2024-12
2024-05-01,East,Food,19663.65,409,11824.44,False,7839.21,39.87,2024-05
2024-05-01,North,Clothing,12829.58,21,8840.72,False,3988.86,31.09,2024-05
2024-07-01,South,Clothing,15254.5,409,6875.21,False,8379.29,54.93,2024-07
2024-09-01,South,Office,17311.27,405,9856.61,False,7454.66,43.06,2024-09
2024-09-01,East,Electronics,13062.76,145,8625.71,False,4437.05,33.97,2024-09
2024-03-01,West,Electronics,13581.5,477,10971.46,False,2610.04,19.22,2024-03
2024-03-01,East,Clothing,7612.91,12,11374.77,False,-3761.86,-49.41,2024-03
2024-03-01,North,Electronics,12733.32,153,14179.13,False,-1445.81,-11.35,2024-03
2024-04-01,East,Clothing,19653.94,39,10159.27,False,9494.67,48.31,2024-04
2024-08-01,West,Office,11282.67,246,9651.59,False,1631.08,14.46,2024-08
2024-06-01,South,Office,11878.79,288,9388.77,False,2490.02,20.96,2024-06
2024-08-01,West,Food,17560.76,357,8293.67,False,9267.09,52.77,2024-08
2024-01-01,West,Office,16611.07,124,9676.97,False,6934.1,41.74,2024-01
2024-08-01,West,Clothing,17759.45,113,8409.2,False,9350.25,52.65,2024-08
2024-04-01,South,Office,10347.12,127,9336.92,False,1010.2,9.76,2024-04
2024-11-01,West,Food,25256.23,14,11635.2,False,13621.03,53.93,2024-11
2024-01-01,West,Electronics,10136.99,477,6986.91,False,3150.08,31.08,2024-01
2024-08-01,West,Clothing,15616.99,369,11279.76,False,4337.23,27.77,2024-08
2024-04-01,North,Electronics,14365.38,257,11634.23,False,2731.15,19.01,2024-04
2024-06-01,West,Food,10253.43,373,8763.86,False,1489.57,14.53,2024-06
2024-08-01,South,Food,13519.16,330,4756.29,False,8762.87,64.82,2024-08
2024-04-01,West,Food,15093.23,130,7784.36,False,7308.87,48.42,2024-04
2024-03-01,West,Electronics,12400.11,295,11593.99,False,806.12,6.5,2024-03
2024-09-01,South,Electronics,18748.89,158,8954.26,False,9794.63,52.24,2024-09
2024-03-01,West,Electronics,14353.5,93,7001.4,False,7352.1,51.22,2024-03
2024-09-01,South,Electronics,9634.9,463,7990.45,False,1644.45,17.07,2024-09
2024-02-01,West,Food,9295.5,415,10681.24,False,-1385.74,-14.91,2024-02
2024-02-01,South,Food,17424.66,475,10093.47,False,7331.19,42.07,2024-02
2024-02-01,West,Clothing,9052.92,465,8522.14,False,530.78,5.86,2024-02
2024-06-01,West,Clothing,16265.7,240,8266.35,False,7999.35,49.18,2024-06
2024-03-01,North,Electronics,16778.62,297,8216.48,False,8562.14,51.03,2024-03
2024-09-01,North,Office,11018.58,170,7155.18,False,3863.4,35.06,2024-09
2024-04-01,West,Office,18562.95,281,12230.75,False,6332.2,34.11,2024-04
2024-01-01,West,Food,15254.5,469,9048.44,False,6206.06,40.68,2024-01
2024-04-01,East,Food,16185.84,47,11434.32,False,4751.52,29.36,2024-04
2024-01-01,South,Food,15254.5,235,12042.63,False,3211.87,21.06,2024-01
2024-05-01,East,Clothing,14524.01,151,10996.62,False,3527.39,24.29,2024-05
2024-04-01,North,Clothing,10288.41,301,8136.76,False,2151.65,20.91,2024-04
2024-08-01,North,Food,11251.91,490,9807.46,False,1444.45,12.84,2024-08
2024-08-01,North,Food,21475.21,160,8951.61,False,12523.6,58.32,2024-08
2024-07-01,North,Food,19860.62,123,7192.6,False,12668.02,63.78,2024-07
2024-03-01,West,Office,17968.34,246,9648.72,False,8319.62,46.3,2024-03
2024-01-01,North,Clothing,18759.39,75,6641.92,False,12117.47,64.59,2024-01
2024-01-01,West,Office,18384.05,370,11375.36,False,7008.69,38.12,2024-01
2024-12-01,West,Office,15254.5,350,8070.77,False,7183.73,47.09,2024-12
2024-11-01,North,Food,15190.41,267,9402.32,False,5788.09,38.1,2024-11
2024-03-01,North,Food,9109.97,484,9566.58,False,-456.61,-5.01,2024-03
2024-06-01,South,Electronics,14641.22,258,8482.19,False,6159.03,42.07,2024-06
2024-07-01,East,Electronics,19733.66,466,10173.39,False,9560.27,48.45,2024-07
2024-06-01,North,Office,12357.17,458,8050.19,False,4306.98,34.85,2024-06
2024-06-01,South,Clothing,19092.56,340,10742.59,False,8349.97,43.73,2024-06
2024-06-01,South,Food,15366.34,332,6308.04,False,9058.3,58.95,2024-06
2024-03-01,East,Food,9458.51,189,9252.76,False,205.75,2.18,2024-03
2024-06-01,West,Office,10570.72,199,12877.86,False,-2307.14,-21.83,2024-06
2024-08-01,North,Electronics,18677.21,416,6999.34,False,11677.87,62.52,2024-08
2024-11-01,East,Clothing,15254.5,163,7644.51,False,7609.99,49.89,2024-11
2024-11-01,North,Electronics,15407.06,205,10027.82,False,5379.24,34.91,2024-11
2024-02-01,South,Electronics,13903.87,475,9359.16,False,4544.71,32.69,2024-02
2024-01-01,West,Electronics,18521.18,271,9978.37,False,8542.81,46.12,2024-01
2024-12-01,South,Food,20903.41,428,10269.44,False,10633.97,50.87,2024-12
2024-01-01,South,Food,21094.74,415,11219.4,False,9875.34,46.81,2024-01
2024-05-01,East,Electronics,16487.84,436,9819.64,False,6668.2,40.44,2024-05
2024-12-01,North,Clothing,14312.27,152,8517.48,False,5794.79,40.49,2024-12
2024-03-01,North,Office,15584.99,351,10345.15,False,5239.84,33.62,2024-03
2024-04-01,East,Clothing,17088.48,325,9048.44,False,8040.04,47.05,2024-04
2024-03-01,West,Clothing,17072.27,110,8734.73,False,8337.54,48.84,2024-03
2024-01-01,North,Clothing,20231.95,253,7050.94,False,13181.01,65.15,2024-01
2024-01-01,South,Electronics,23463.02,499,11214.16,False,12248.86,52.2,2024-01
2024-12-01,North,Food,14178.98,21,8759.24,False,5419.74,38.22,2024-12
2024-12-01,South,Clothing,23623.54,248,4654.66,False,18968.88,80.3,2024-12
2024-05-01,West,Electronics,19688.96,58,10694.84,False,8994.12,45.68,2024-05
2024-06-01,East,Clothing,14596.71,51,7929.34,False,6667.37,45.68,2024-06
2024-03-01,North,Clothing,20994.26,175,9048.44,False,11945.82,56.9,2024-03
2024-12-01,East,Electronics,21742.59,91,9663.96,False,12078.63,55.55,2024-12
2024-09-01,North,Food,13158.82,438,9381.0,False,3777.82,28.71,2024-09
2024-05-01,South,Food,21928.86,300,10418.9,False,11509.96,52.49,2024-05
2024-08-01,East,Office,19300.33,167,8129.03,False,11171.3,57.88,2024-08
2024-01-01,North,Electronics,24474.24,225,10026.21,False,14448.03,59.03,2024-01
2024-05-01,South,Office,13303.85,499,8480.91,False,4822.94,36.25,2024-05
2024-03-01,East,Office,13586.29,167,10477.62,False,3108.67,22.88,2024-03
2024-12-01,East,Office,6893.35,471,10230.73,False,-3337.38,-48.41,2024-12
2024-04-01,North,Electronics,16501.01,76,11171.96,False,5329.05,32.3,2024-04
2024-05-01,North,Office,12748.03,345,7928.07,False,4819.96,37.81,2024-05
2024-07-01,South,Electronics,14672.6,16,10616.12,False,4056.48,27.65,2024-07
2024-01-01,North,Electronics,9755.12,445,9734.57,False,20.55,0.21,2024-01
2024-03-01,East,Food,19793.78,23,12676.37,False,7117.41,35.96,2024-03
2024-02-01,East,Office,15254.5,82,8553.07,False,6701.43,43.93,2024-02
2024-10-01,North,Electronics,14297.59,414,8961.16,False,5336.43,37.32,2024-10
2024-06-01,West,Clothing,11961.52,172,8393.64,False,3567.88,29.83,2024-06
2024-10-01,East,Food,13350.75,75,10599.88,False,2750.87,20.6,2024-10
2024-03-01,South,Food,9352.16,356,5767.38,False,3584.78,38.33,2024-03
2024-08-01,West,Food,16929.09,139,6892.64,False,10036.45,59.29,2024-08
2024-08-01,North,Food,13320.4,428,6864.39,False,6456.01,48.47,2024-08
2024-02-01,North,Office,19525.01,475,10900.62,False,8624.39,44.17,2024-02
2024-06-01,East,Office,13901.01,215,12421.23,False,1479.78,10.65,2024-06
2024-07-01,North,Clothing,20537.77,285,8791.1,False,11746.67,57.2,2024-07
2024-02-01,South,Food,18029.82,475,8662.36,False,9367.46,51.96,2024-02
2024-11-01,East,Food,15114.39,265,9140.1,False,5974.29,39.53,2024-11
2024-10-01,North,Electronics,21320.93,275,11323.76,False,9997.17,46.89,2024-10
2024-02-01,East,Office,18809.17,34,7145.29,False,11663.88,62.01,2024-02
2024-10-01,North,Food,26784.85,459,9476.74,True,17308.11,64.62,2024-10
2024-01-01,North,Clothing,13362.18,290,10950.4,False,2411.78,18.05,2024-01
2024-08-01,North,Clothing,15306.46,262,10002.19,False,5304.27,34.65,2024-08
2024-01-01,South,Office,21274.84,319,9048.44,False,12226.4,57.47,2024-01
2024-09-01,South,Clothing,8825.85,298,11002.09,False,-2176.24,-24.66,2024-09
2024-11-01,East,Clothing,20267.77,173,3593.54,False,16674.23,82.27,2024-11
2024-06-01,North,Office,16757.21,104,10355.75,False,6401.46,38.2,2024-06
2024-07-01,North,Food,11447.16,279,7691.85,False,3755.31,32.81,2024-07
2024-10-01,South,Food,9547.84,330,5338.73,False,4209.11,44.08,2024-10
2024-07-01,North,Clothing,12310.04,119,10022.41,False,2287.63,18.58,2024-07
2024-10-01,South,Clothing,5860.72,345,11747.32,False,-5886.6,-100.44,2024-10
2024-02-01,East,Office,17490.23,247,10905.75,False,6584.48,37.65,2024-02
2024-09-01,North,Clothing,13094.8,390,12224.56,False,870.24,6.65,2024-09
2024-08-01,North,Electronics,20553.25,445,11629.83,False,8923.42,43.42,2024-08
2024-12-01,West,Office,21639.79,396,12279.93,False,9359.86,43.25,2024-12
2024-10-01,South,Clothing,20102.58,492,10484.25,False,9618.33,47.85,2024-10
2024-07-01,North,Clothing,15922.56,434,9150.87,False,6771.69,42.53,2024-07
2024-09-01,North,Electronics,5701.28,399,5796.07,False,-94.79,-1.66,2024-09
2024-04-01,West,Electronics,12185.21,34,8507.88,False,3677.33,30.18,2024-04
2024-04-01,West,Food,14431.85,150,7313.51,False,7118.34,49.32,2024-04
2024-01-01,South,Office,11424.53,126,13341.89,False,-1917.36,-16.78,2024-01
2024-08-01,West,Office,14441.98,491,8648.23,False,5793.75,40.12,2024-08
2024-12-01,East,Food,21440.27,401,9246.41,False,12193.86,56.87,2024-12
2024-03-01,West,Office,8416.89,414,10102.97,False,-1686.08,-20.03,2024-03
2024-07-01,East,Office,22246.77,491,9087.2,False,13159.57,59.15,2024-07
2024-12-01,South,Office,18538.91,461,12390.1,False,6148.81,33.17,2024-12
2024-02-01,South,Office,16072.87,34,7754.7,False,8318.17,51.75,2024-02
2024-02-01,South,Office,12145.53,88,9389.21,False,2756.32,22.69,2024-02
2024-07-01,South,Electronics,11504.2,77,7515.06,False,3989.14,34.68,2024-07
2024-06-01,South,Office,8495.13,182,9048.44,False,-553.31,-6.51,2024-06
2024-03-01,East,Electronics,21867.06,453,7776.46,False,14090.6,64.44,2024-03
2024-09-01,East,Office,21150.45,21,8925.93,False,12224.52,57.8,2024-09
2024-10-01,South,Food,9374.86,297,8141.4,False,1233.46,13.16,2024-10
2024-06-01,West,Clothing,12789.49,137,7615.16,False,5174.33,40.46,2024-06
2024-10-01,North,Electronics,16732.58,105,6187.37,False,10545.21,63.02,2024-10
2024-10-01,South,Office,13801.96,101,9048.44,False,4753.52,34.44,2024-10
2024-06-01,West,Food,7325.3,150,5990.56,False,1334.74,18.22,2024-06
2024-01-01,North,Clothing,15254.5,40,10520.11,False,4734.39,31.04,2024-01
2024-04-01,South,Electronics,22804.14,343,9164.88,False,13639.26,59.81,2024-04
2024-10-01,South,Clothing,12640.09,29,6084.9,False,6555.19,51.86,2024-10
2024-06-01,East,Food,15254.5,155,8381.58,False,6872.92,45.06,2024-06
2024-06-01,North,Electronics,10419.29,486,7495.69,False,2923.6,28.06,2024-06
2024-11-01,North,Clothing,17351.05,325,9638.35,False,7712.7,44.45,2024-11
2024-12-01,West,Office,15460.61,456,11680.9,False,3779.71,24.45,2024-12
2024-05-01,East,Electronics,12031.92,399,5249.66,False,6782.26,56.37,2024-05
2024-01-01,East,Clothing,9781.38,169,9230.05,False,551.33,5.64,2024-01
2024-08-01,East,Food,20618.17,358,8679.73,False,11938.44,57.9,2024-08
2024-05-01,East,Food,8577.83,52,10342.68,False,-1764.85,-20.57,2024-05
2024-12-01,North,Electronics,17015.26,263,9426.39,False,7588.87,44.6,2024-12
2024-12-01,North,Clothing,6384.48,139,7496.06,False,-1111.58,-17.41,2024-12
2024-05-01,South,Electronics,18881.2,160,7407.95,False,11473.25,60.77,2024-05
2024-07-01,East,Clothing,19379.13,476,11152.01,False,8227.12,42.45,2024-07
2024-04-01,East,Clothing,14355.17,296,9042.62,False,5312.55,37.01,2024-04
2024-06-01,East,Office,21336.01,14,12802.38,False,8533.63,40.0,2024-06
2024-04-01,South,Clothing,24231.17,476,8878.68,False,15352.49,63.36,2024-04
2024-03-01,West,Food,13713.51,427,7583.19,False,6130.32,44.7,2024-03
2024-07-01,West,Electronics,13195.98,275,5972.57,False,7223.41,54.74,2024-07
2024-08-01,South,Electronics,15596.71,354,5393.72,False,10202.99,65.42,2024-08
2024-04-01,South,Food,13089.28,139,5831.73,False,7257.55,55.45,2024-04
2024-02-01,South,Clothing,12504.52,391,9534.25,False,2970.27,23.75,2024-02
2024-12-01,South,Food,12853.05,276,10017.45,False,2835.6,22.06,2024-12
2024-10-01,South,Food,21863.02,187,5837.62,False,16025.4,73.3,2024-10
2024-03-01,South,Office,18087.53,262,10790.08,False,7297.45,40.35,2024-03
2024-01-01,East,Food,15254.5,424,8033.88,False,7220.62,47.33,2024-01
2024-08-01,East,Electronics,15254.5,65,9293.59,False,5960.91,39.08,2024-08
2024-03-01,East,Food,8822.14,472,12224.44,False,-3402.3,-38.57,2024-03
2024-12-01,East,Electronics,17013.72,466,10793.68,False,6220.04,36.56,2024-12
2024-10-01,South,Electronics,6513.78,480,8462.94,False,-1949.16,-29.92,2024-10
2024-07-01,West,Electronics,16171.97,92,7217.62,False,8954.35,55.37,2024-07
2024-10-01,North,Clothing,10737.75,402,4696.37,False,6041.38,56.26,2024-10
2024-05-01,South,Office,15367.22,108,7561.69,False,7805.53,50.79,2024-05
2024-10-01,North,Electronics,15255.43,158,8577.74,False,6677.69,43.77,2024-10
2024-05-01,West,Electronics,15482.36,338,7025.64,False,8456.72,54.62,2024-05
2024-07-01,East,Clothing,13422.31,165,8737.49,False,4684.82,34.9,2024-07
2024-09-01,West,Electronics,13290.86,199,9153.7,False,4137.16,31.13,2024-09
2024-12-01,South,Food,12116.84,380,8550.29,False,3566.55,29.43,2024-12
2024-05-01,East,Food,16935.57,272,7699.99,False,9235.58,54.53,2024-05
2024-01-01,South,Office,18220.77,89,9337.31,False,8883.46,48.75,2024-01
2024-10-01,North,Clothing,14793.49,261,6819.2,False,7974.29,53.9,2024-10
2024-01-01,North,Food,15786.33,106,11821.86,False,3964.47,25.11,2024-01
2024-02-01,North,Clothing,15735.08,269,8802.82,False,6932.26,44.06,2024-02
2024-06-01,West,Clothing,15667.08,269,9037.7,False,6629.38,42.31,2024-06
2024-09-01,South,Food,13391.86,112,10416.43,False,2975.43,22.22,2024-09
2024-08-01,West,Clothing,15254.5,49,9466.43,False,5788.07,37.94,2024-08
2024-05-01,North,Food,17472.11,282,10906.27,False,6565.84,37.58,2024-05
2024-07-01,North,Food,17023.76,368,7775.13,False,9248.63,54.33,2024-07
2024-05-01,West,Electronics,18961.41,389,9723.01,False,9238.4,48.72,2024-05
2024-06-01,West,Office,7596.24,317,6712.55,False,883.69,11.63,2024-06
2024-07-01,West,Food,18773.86,230,9217.12,False,9556.74,50.9,2024-07
2024-03-01,North,Food,16369.71,317,8933.54,False,7436.17,45.43,2024-03
2024-12-01,South,Office,10553.5,429,8583.77,False,1969.73,18.66,2024-12
2024-10-01,South,Food,18209.88,133,8742.92,False,9466.96,51.99,2024-10
2024-03-01,North,Food,13406.72,431,5236.3,False,8170.42,60.94,2024-03
2024-05-01,South,Clothing,15254.5,240,7902.55,False,7351.95,48.2,2024-05
2024-06-01,North,Office,12969.28,187,9185.69,False,3783.59,29.17,2024-06
2024-09-01,South,Electronics,16209.6,72,9319.71,False,6889.89,42.5,2024-09
2024-12-01,East,Food,11858.59,494,6944.65,False,4913.94,41.44,2024-12
2024-05-01,East,Office,18605.9,125,11531.42,False,7074.48,38.02,2024-05
2024-01-01,West,Clothing,14444.55,200,7267.65,False,7176.9,49.69,2024-01
